,date,username,tweet,hashtags,nlikes,sentiment
0,2021-07-30 08:56:11,retirewcashflow,Spyware infects iPhones says report ‚Äì How to keep it off  httpstcocmpQwcjKJ4 FoxBusiness,['foxbusiness'],0,0.0
1,2021-07-30 08:55:37,WhosoeverWill1,A Tech Firm Has Blocked Some Governments From Using Its Spyware Over Misuse Claims  NPR  A Tech Firm Has Blocked Some Governments From Using Its Spyware Over Misuse Claims  NPRIsraeli  NewsAndInformation  httpstcoZsK4uxAf4d LIVING STRONG TELEVISION NETWORK,['newsandinformation'],0,1.0
2,2021-07-30 08:55:27,johnekka11,Did Any Indian entity buy Pegasus the Spyware that only Governments can buy How was it paid for Your Honour speak for us  httpstcolCfMXwOj8i via ttindia,[],0,0.0
3,2021-07-30 08:55:26,KMS81811513,Journalists Say They Feel Constantly Watched After Pegasus Spyware Revelations  httpstcozHAwAKyhXU,[],0,0.0
4,2021-07-30 08:55:25,KMS81811513,Mexico Investigates Alleged Graft in Spyware Purchase  httpstcoATaZYInuIT,[],0,2.0
5,2021-07-30 08:55:13,HumQadamTV,Mexico Investigates Alleged Graft in Spyware Purchase  httpstcoG9prsSXBlU,[],0,2.0
6,2021-07-30 08:55:13,HumQadamTV,Journalists Say They Feel Constantly Watched After Pegasus Spyware Revelations  httpstcodtNpML79JS,[],0,0.0
7,2021-07-30 08:55:12,HumQadamTV,Israel‚Äôs NSO Under Fire for Spyware Targeting Journalists Dissidents  httpstco1pHZAlMBSJ,[],0,0.0
8,2021-07-30 08:55:11,alqamaronline,Mexico Investigates Alleged Graft in Spyware Purchase  httpstcos4BwIMmVil,[],0,2.0
9,2021-07-30 08:55:11,alqamaronline,Journalists Say They Feel Constantly Watched After Pegasus Spyware Revelations  httpstcoxrd3nZooR8,[],0,0.0
10,2021-07-30 08:55:11,alqamaronline,Israel‚Äôs NSO Under Fire for Spyware Targeting Journalists Dissidents  httpstco7uQ6Mg3lx6,[],0,0.0
11,2021-07-30 08:55:10,WireAsian,Journalists Say They Feel Constantly Watched After Pegasus Spyware Revelations  httpstcosecKgX5Jvi,[],0,0.0
12,2021-07-30 08:55:10,WireAsian,Mexico Investigates Alleged Graft in Spyware Purchase  httpstcoRyTdXSLpMQ,[],0,2.0
13,2021-07-30 08:55:09,WireAsian,Israel‚Äôs NSO Under Fire for Spyware Targeting Journalists Dissidents  httpstco4R74OKSCNX,[],0,0.0
14,2021-07-30 08:53:52,ClickySound,latestnews Israel is reluctant to regulate its spyware exports ‚ÄúArms companies can‚Äôt keep track of every rifle and bullet they sell Why should we have higher expectations when it comes to software‚Äù   httpstcoOuOgbRFBu2 POSTEXCERPT,['latestnews'],0,1.0
15,2021-07-30 08:52:44,JanetWa94118686,Beltway Insider BidenCuba Pegasus Spyware PaulFauci Clash COVIDVaccine Totals Weinstein Bezos Olympics  httpstcoYCaWuRDb97,[],0,0.0
16,2021-07-30 08:49:34,ncryptcellular,Check out our latest blog The latest weapon in spyware‚Äôs arsenal  exposed  httpstcoIGFYqjZhKE  httpstcoKRCqdB4Wpe,[],0,1.0
17,2021-07-30 08:49:03,JanetWa94118686,Beltway Insider BidenCuba Pegasus Spyware PaulFauci Clash COVIDVaccine Totals Weinstein Bezos Olympics  httpstcoxqHAFqXUk6,[],0,0.0
18,2021-07-30 08:48:49,archangelGT,Here‚Äôs what we know about NSO‚Äôs Pegasus spyware  httpstcoQzvXmcgvOB,[],0,0.0
19,2021-07-30 08:47:09,arifayyub,SecBlinken Hey Jaishanker probably didn‚Äôt tell you this a huge snooping scandal took place in India  politicians journalists bureaucrats judges businessmen and civil society leaders all snooped through the spyware provided by your other close buddy Israel Selective outrage,[],2,1.0
20,2021-07-30 08:45:55,pragmaticpanda0,NeneRamenLeakes You still can‚Äôt convince me that tik tok isn‚Äôt spyware from China,[],0,0.0
21,2021-07-30 08:44:08,jorgecortell,Facebook Wanted NSO Spyware to Monitor Users NSO CEO Claims 2020   httpstco75XjGymmwV,[],0,0.0
22,2021-07-30 08:42:15,AlkhaterAziz,on surveillance and dissentThe Spyware Threat to Journalists by ‚Å¶SteveCollNY‚Å©  The New Yorker  httpstcorlhXImcv2W,[],0,1.0
23,2021-07-30 08:40:34,RashmiS69466472,THE QUESTIONS BEFORE YOUR HONOUR  CJI   Did any indian entity purchase Pegasus the Isriali spyware that only the govtlinked agencies can buy    Is so which entity bought the software How was it paid for   1 500 citizens write open letter,[],0,0.0
24,2021-07-30 08:39:33,LeakedsourceFan,Where is Clcoo at,[],0,0.0
25,2021-07-30 08:35:38,Servelan,Israel is loth to regulate its spyware exports  The Economist  httpstco2IniO9IGYT,[],0,0.0
26,2021-07-30 08:35:35,iluvmel_c,theesbala Go for Nokia G20 no bloatware no spyware 3 years updates   13K ‚Çπ,[],0,0.0
27,2021-07-30 08:35:01,NageshraoH,ajay43 Likewise women who have no problem with a Govt that uses no click spyware like Pegasus to snoop on its citizens Like Aloo Tikki in one of her tweets,['pegasus'],1,0.0
28,2021-07-30 08:34:35,kannagoldsun,HOW TO DEFEND YOURSELF AGAINST THE POWERFUL NEW NSO SPYWARE ATTACKS DISCOVERED AROUND THE WORLD   httpstcogqZHFKxX5o,[],0,1.0
29,2021-07-30 08:32:05,igor_os777,Mexico Says Officials Spent 61 Million On Pegasus Spyware  httpstcoo1wUvIT57s,[],3,2.0
30,2021-07-30 08:32:03,igor_os777,Israeli authorities investigate NSO Group over Pegasus spyware abuse claims  httpstco4W19HZqmjE,[],0,0.0
31,2021-07-30 08:30:42,manofjupiter,sumanthraman svaradarajan Usa have their own spyware SNOWDEN LEAKS,[],0,1.0
32,2021-07-30 08:29:51,ChuckSherwood1,Firm that owns Israels spyware company NSO to be liquidated   httpstcouX4zAxFW1n  scoopit  httpstcoc7vdiO6DoS,[],0,2.0
33,2021-07-30 08:29:08,bamitav,Israeli authorities raid offices of spyware maker Pegasus     httpstcoElAT1Omkp8   PegasusSnoopgate NSO infosec security cybersecurity databreach cyberattack cybercrime datatheft dataprivacy hacker malware botnet DDoS CISO ransomware technology tech RT,"['israeli' 'spyware' 'pegasus' 'pegasussnoopgate' 'nso' 'infosec'
 'security' 'cybersecurity' 'databreach' 'cyberattack' 'cybercrime'
 'datatheft' 'dataprivacy' 'hacker' 'malware' 'botnet' 'ddos' 'ciso'
 'ransomware' 'technology' 'tech' 'rt']",1,0.0
34,2021-07-30 08:28:46,jchesky,How to defend yourself against the powerful new NSO spyware attacks discovered around the world  httpstcoKb2UXWBfy0 by Intercept Security Team,[],0,1.0
35,2021-07-30 08:28:30,AnnieGabstonH,This is probably just an attempt at reputation repair They had to know what was happening   A Tech Firm Has Blocked Some Governments From Using Its Spyware Over Misuse Claims  NPR  httpstcopXvpWsEclt via GoogleNews,[],7,2.0
36,2021-07-30 08:27:32,ChuckSherwood1,Firm that owns Israels spyware company NSO to be liquidated  httpstcovjpd8cwyPR,[],0,2.0
37,2021-07-30 08:22:54,RoopaliSriv,‚ÄúOver 500 prominent signatories write to CJI urging that the government answer questions related to Pegasus spyware scandal‚Äù  How long with the GoI keep stonewalling  And this üëá  Where are the women members of the Union Cabinet amp ruling party  Pegasus PegasusSnoopgate  httpstcoNHg9j3Gixh,['pegasus' 'pegasussnoopgate'],2,1.0
38,2021-07-30 08:20:34,habibpa92265926,Pegasus Spyware  How Pegasus hacks your phone  Israel NSO  Dhruv Rathee  httpstcoatge7sHumb via YouTube,[],0,0.0
39,2021-07-30 08:20:09,lidbide,Country with leading Cyber Power  Tier 1USA  Tier 2CHINA Russia UK  France Canada Israel and Australia  TIER3India Japan Iran Indonesia Malaysia Vietnam and North Korea  From the listit looks ISREAL Spyware software can only be used in Tier 3 and below it ,[],0,0.0
40,2021-07-30 08:19:38,rishhikesh,MahuaMoitra GoIMeitY DoTIndia HMOIndia Indian government officials are in contempt of parliament even as UNESCO admitted that the agency had allocated 35000 for the Parisbased Forbidden Stories organization which investigated Pegasus spyware  httpstcoV5G32JIOW8 via SputnikInt,['unesco' 'forbidden' 'pegasus'],0,0.0
41,2021-07-30 08:19:27,rishhikesh,Indian government officials are in contempt of parliament even as UNESCO admitted that the agency had allocated 35000 for the Parisbased Forbidden Stories organization which investigated Pegasus spyware  httpstcoV5G32JIOW8 via SputnikInt,['unesco' 'forbidden' 'pegasus'],0,0.0
42,2021-07-30 08:18:55,tribunkaltim,WhatsApp dan Telegram tak Ingin Disalahkan soal Spyware Pegasus Apa Aplikasi Chat yang Lebih Aman   WhatsApp Chat Telegram aplikasi Signal Wire   httpstcoqUOLe11YpE via tribunkaltim,['whatsapp' 'chat' 'telegram' 'aplikasi' 'signal' 'wire'],0,0.0
43,2021-07-30 08:17:31,PrivacyDigest,Facebook Wanted NSO Spyware to Monitor Users NSO CEO Claims  In a courtfiled declaration NSO Group‚Äôs CEO says Facebook tried to buy an Apple spying tool in 2017  httpstcomXRG402PgZ,[],2,0.0
44,2021-07-30 08:15:01,kdniemi,US lawmakers call for probe into ‚Äòarrogant‚Äô spyware firm  httpstcobpRLQuCmAr,[],0,2.0
45,2021-07-30 08:15:00,Mattie258,SecBlinken Check into the Pegasus Project  A military grade Spyware exported from a Israeli company To foreign governments all across the globe,[],1,2.0
46,2021-07-30 08:15:00,EconomicTimes,In Pics  Pegasus spyware scandal hits Parliamentary proceedings in the Monsoon session Text by Aditya  httpstcoSe9vvNR795,[],4,0.0
47,2021-07-30 08:14:11,MetalRabbit13,Nice PR move Bet it means shit in the long run üëáüèø Spyware,['spyware'],0,1.0
48,2021-07-30 08:13:18,TFL1728,Uninstall all Google Spyware is a good start,[],7,1.0
49,2021-07-30 08:12:17,__spv,Does anybody have a copy of this video Really want to watch it again P  Title Transforming totallynotspyware into quite some spyware  theres more i dont see  httpstco7S5gtSH0De,[],0,1.0
50,2021-07-30 08:12:03,Rapa224,üî¥ White House has spoken to Israeli officials about spyware concerns following Pegasus Project revelations  httpstco2Kli89wwjp,[],0,0.0
51,2021-07-30 08:11:12,m_benhalilem,Israeli spyware firm linked to fake Black Lives Matter and Amnesty websites ‚Äì report  Hacking  The Guardian  httpstcoEVtt2R9H9l,[],1,2.0
52,2021-07-30 08:08:40,LeakedsourceFan,Hello can i borrow ur leakedsource 3a,[],0,0.0
53,2021-07-30 08:01:45,JanetWa94118686,Beltway Insider BidenCuba Pegasus Spyware PaulFauci Clash COVIDVaccine Totals Weinstein Bezos Olympics  httpstcolSNw0Vh2Gi,[],0,0.0
54,2021-07-30 08:01:00,M157q_News_RSS,Facebook Wanted NSO Spyware to Monitor Users NSO CEO Claims 2020  httpstcoTRQOEDARLW Article URL  httpstcoTRQOEDARLW Comments URL  httpstco44ALowSxrT Points 102  Comments 12,[],0,0.0
55,2021-07-30 08:00:11,whoskj2,Over 500 concerned citizens write to CJI for probe into PegasusSnoopgate Every citizen is aghast many countries have initiated investigation even Israel raided spywaremaker NSO Who in India is  blocking probe Why    httpstcoJ6zW1N1BFi,['pegasussnoopgate'],0,2.0
56,2021-07-30 08:00:11,rennie62,Pegasus spyware is just the latest tool autocrats are using to stay in power  George Monbiot  httpstcoO1MEWqX62m  httpstcoE4kRF3yGtm,[],0,1.0
57,2021-07-30 07:58:42,DarkMattersProj,Mexico says officials spent 61 million on Pegasus spyware  httpstcoBhQ9BHAJmy,[],0,2.0
58,2021-07-30 07:57:12,gomstosky,Pegasus Spyware   httpstcorA3BsVnLk8,['pegasus' 'spyware'],0,0.0
59,2021-07-30 07:55:39,prettypadmaja,RShivshankar Why is the  inspection necessary Is Israel  govt afraid of Spyware being pirated  Should they not be issuing the statement otherwise ,[],4,2.0
60,2021-07-30 07:55:16,EoinLlewellyn,SeniorsAction Hey Monsanto any chance you were using Pegasus spyware from Israel Oh sorry your now owned by Bayer Germany with your very questionable history in science how are you going to balance this,[],0,2.0
61,2021-07-30 07:53:31,THIRU1231,RahulGandhi  Sir Save Democracy from destroyers of Democracy Our country Democrats is respected by the world Whereas BJP Govt has been trying to destruct the pillars of Democracy ie freedom of expression Fraternity amp Privacy by Spyware,[],0,0.0
62,2021-07-30 07:52:41,NcsVentures,Pegasus spyware What to know about this phone surveillance tool from NSO Group  cybersecurity  cyberattack  httpstcoYqTeYysxyT,['cybersecurity' 'cyberattack'],1,0.0
63,2021-07-30 07:52:40,GregoryDEvans,Pegasus spyware What to know about this phone surveillance tool from NSO Group  cybersecurity  cyberattack  httpstcop2kAMXGoj3,['cybersecurity' 'cyberattack'],0,0.0
64,2021-07-30 07:50:46,SKMM007,DrUditraj INCIndia PTINews ANI WHAT IS SPICE  WIRE I KNOW SPICE GIRLS amp SPYWARE WHICH ONE YOU WANTED TO MEAN  WHY U UR PARTY amp PAPPU ARE SCARED OF SNOOPING IF YOU HAVENT DONE ANYTHING WRONG  CHACHA DID SPYING ON NETAJI SUBHASH BOSE MOMINA BEGUM SPIED ON OPPOSITION LEADERS  NO NEED OF GETTING SCARED,[],0,2.0
65,2021-07-30 07:50:18,varakuraan,Good to know that Israel is taking NSO  spyware allegations seriously They have also raided NSO offices over Pegasus row It is hard to believe though that the Government there was not aware of the activities of Pegasus spyware,[],0,2.0
66,2021-07-30 07:50:08,HackerNews100,Facebook Wanted NSO Spyware to Monitor Users NSO CEO Claims 2020  httpstcooTxZw2QWyg,[],0,0.0
67,2021-07-30 07:49:52,sonaliranade,Apple has patched iMessages though I dunno when the download is coming  Spyware has limited  halflife provided its detected and exposed  That‚Äôs why we need more ethical hackers and open internet,[],11,1.0
68,2021-07-30 07:45:36,Messe3Christina,Facebook Wanted NSO Spyware to Monitor iOS Users  Daring Fireball  httpstco0q3IOWhAA8,[],0,0.0
69,2021-07-30 07:45:06,TomLasseter,Reading Spyware revelations are a crucial moment for Indian democracy  httpstcoNr4hJRp8WT by AmyKazmin,[],0,0.0
70,2021-07-30 07:44:33,agnimurthy,Do you wonder why there isnt a lot of official outrage about the misuse of commercial spyware   Because theres probably a good chance your government does it behind closed doors   httpstcoJUQJoLHPn5,[],0,1.0
71,2021-07-30 07:42:51,BTCTechGroupLL1,Facebook Wanted NSO Spyware to Monitor Users NSO CEO Claims 2020  httpstcoPKWJJMEm7N,[],0,0.0
72,2021-07-30 07:42:31,Lost_human19,This is just one example of who get reservation  Spyware Reservation SayNoToReservation   httpstcomeIupa0vbn,['reservation' 'saynotoreservation'],16,0.0
73,2021-07-30 07:41:14,BlakeUptin,babies being born and the term accidents um chicken coops and disabled accounts and non accessible shared content then simulataneus spyware so computer people,[],0,2.0
74,2021-07-30 07:40:54,phoeniciaelias,Syrias Daraa Gripped by Worst Clashes in Three Years Turkey seeks to regain favour with US through Kabul airport offer Israel Tells France It Takes Spyware Scandal Seriously  httpstcoaUIgfjtIYY via phoeniciaelias,[],0,2.0
75,2021-07-30 07:40:38,RTBNewsClips,A Tech Firm Has Blocked Some Governments From Using Its Spyware Over Misuse Claims ‚Äì NPR  httpstcoA29AAqIndM,[],0,2.0
76,2021-07-30 07:38:49,CISSReC,Mengenal Pegasus Spyware Pengintai yang Banyak Digunakan untuk Peretasan Aktivis dan Jurnalis Klik untuk baca    httpstcoyg36IKRcUf,[],0,0.0
77,2021-07-30 07:38:41,LeakedsourceFan,Someone give me a leakedsource trial,[],0,0.0
78,2021-07-30 07:38:02,_proxyvpn_,What is Pegasus spyware And how to protect your phone Pegasus is phone hacking software used by governments Read how it can be secretly installed on your phone remotely The post What is Pegasus spyware   httpstcoOpGiKFPnSd proxy vpn cybersecurity  httpstcoou3We57Icj,['proxy' 'vpn' 'cybersecurity'],0,2.0
79,2021-07-30 07:37:35,PrivacyDigest,Mexico says officials spent 61 million on Pegasus spyware  PBS NewsHour  The gov said many of the contracts with the Israeli spyware firm NSO Group were signed with front companies which are often used in Mexico to facilitate kickbacks or avoid taxes  httpstcooouPwxcYii,[],0,1.0
80,2021-07-30 07:36:16,PrivacyDigest,Mexico Says Officials Spent 61 Million On Pegasus Spyware  Slashdot  httpstcoFpiBozBmhj,[],0,2.0
81,2021-07-30 07:35:46,KevinCh30842455,Spyware features found in Chinese state benefits app  httpstcoVNpDIaPPkq,[],0,0.0
82,2021-07-30 07:34:49,nitemerises,ScammerPayback JimBrowning11 A little aside I was wondering if you might be able to recommend any legit free antispyware software or the cheapest nicest one  Thanks    I havent watched the antiscammers in a bit but come this Winter Ill definitely be bored again,[],0,2.0
83,2021-07-30 07:34:31,yogbal_anima,jambukes sumanthraman No they have their own spyware üòÇüòÇüòÇ,[],1,1.0
84,2021-07-30 07:31:47,akbarth3great,Israel is reluctant to regulate its spyware exports ‚ÄúArms companies can‚Äôt keep track of every rifle and bullet they sell Why should we have higher expectations when it comes to software‚Äù  httpstcoAb0712nnGC,[],0,1.0
85,2021-07-30 07:31:45,AndyVermaut,Israel is reluctant to regulate its spyware exports ‚ÄúArms companies can‚Äôt keep track of every rifle and bullet they sell Why should we have higher expectations when it comes to software‚Äù  httpstcoD1GULIni7E  httpstco6JxRFdak6o,[],0,1.0
86,2021-07-30 07:25:51,dani_npe,Sunray told NPR Were on the one hand I think the world leaders in our human rights compliance and the other hand were the poster child of human rights abuse NSO Group Blocks Some Governments From Using Its Spyware Over Misuse Claims    httpstcoyg2HwIYj0w,[],0,2.0
87,2021-07-30 07:24:39,JanetWa94118686,Beltway Insider BidenCuba Pegasus Spyware PaulFauci Clash COVIDVaccine Totals Weinstein Bezos Olympics  httpstcoJAo8lEhpVT,[],0,0.0
88,2021-07-30 07:21:05,vitorlengruber,The Guardian Emmanuel Macron ‚Äòpushes for Israeli inquiry‚Äô into NSO spyware concerns  httpstcoeyfMkgtaEG  via GoogleNews,[],0,0.0
89,2021-07-30 07:18:58,JanetWa94118686,Beltway Insider BidenCuba Pegasus Spyware PaulFauci Clash COVIDVaccine Totals Weinstein Bezos Olympics  httpstcoDj8UsdqJqN,[],0,0.0
90,2021-07-30 07:16:42,LillMagill,ImalrightJack rogerwaters KeirStarmer UKLabour DefendTheLeft Its not just members Labour threaten  They are going for non members now  Imagine the Israeli produced Pegasus spyware in the hands of such an authoritarian     httpstcopW9e2yVhM6,[],2,0.0
91,2021-07-30 07:08:40,LeakedsourceFan,All thes enew kids dont know about HTML,[],0,0.0
92,2021-07-30 07:07:46,suzannahtroy,NSO Group Blocks Some Governments From Using Its Spyware Over Misuse Claims  NPR  httpstco84maTYFDsu,[],0,0.0
93,2021-07-30 07:07:45,KikarRoundabout,If you look up Kenneth Roths tweets in the past two weeks you will find 26 tweets about the Israeli company Pegasus spyware  If you look up the name in his tweets Nasrallah from all times you will find 4,[],0,2.0
94,2021-07-30 07:05:10,alloo_66,A Tech Firm Has Blocked Some Governments From Using Its Spyware Over Misuse Claims  httpstcoplcj4nXroy,[],0,2.0
95,2021-07-30 07:02:56,MiddleEastTon,Rights group calls for moratorium on the use of spyware in Mexico  httpstcouF6ifJPQrR,[],0,0.0
96,2021-07-30 07:02:22,Meenuka,Mexico says officials spent 61 million on Pegasus spyware  httpstcodHQEXPAZMD,[],0,2.0
97,2021-07-30 06:55:18,mokkaeps,Let Pegasus fly ‚Äì Israel is loth to regulate its spyware exports  httpstco1no6Uh3jhw,[],1,1.0
98,2021-07-30 06:54:59,Javedrashid,The Supreme Court must declare a moratorium on the exportsaletransferuse of Pegasus spyware in India amp investigate the snooping scandal women‚Äôs rights activists human rights defenders and concerned citizens have urged Chief Justice of India   in an open letter to him,['pegasus'],1,0.0
99,2021-07-30 06:53:05,_MTMTE,NSO Group Blocks Some Governments From Using Its Spyware Over Misuse Claims   httpstcoKBTjRLaK7W,[],0,0.0
100,2021-07-30 06:52:44,ARTHURGCARTER1,Rights group calls for moratorium on the use of spyware in Mexico  httpstconWZ1ssQPrj via AJEnglish,[],0,0.0
101,2021-07-30 06:51:09,getupradio,The Israeli spyware firm NSO Group has temporarily blocked several government clients from using its product as it investigates their possible misuse of the technology an employee told NPR  httpstcokFMrzqpKCd,[],0,2.0
102,2021-07-30 06:49:24,OccupyOneLove,MingGao26  android is spyware,[],0,0.0
103,2021-07-30 06:47:20,FujiiPonta,Israeli spyware company NSO Group has temporarily blocked several government clients around the world from using its technology as the company investigates their possible misuse a company employee told NPR on July 29  httpstcoG0mGCGFSLa,[],0,0.0
104,2021-07-30 06:45:31,RealityKicks,Mexico alleges NSO kickback scheme in 300 million spyware deals  httpstcopo2F2QNZDa timesofisrael,[],0,0.0
105,2021-07-30 06:45:06,AberdeenSouthDa, A Tech Firm Has Blocked Some Governments From Using Its Spyware Over Misuse Claims  NPR  Israeli agencies raid NSO offices over Pegasus row  Times of India  View Full Coverage on Google News  httpstcosNy9fId9qt,[],1,1.0
106,2021-07-30 06:44:20,PrivacyScope,Mexico Says Officials Spent 61 Million On Pegasus Spyware  httpstcoZUYfBIx7jL  technews news,['technews' 'news'],1,2.0
107,2021-07-30 06:44:18,GlobalNewsTH,NSO Group Blocks Some Governments From Using Its Spyware Over Misuse Claims  NPR   httpstcoXwrXPWubVA,['spyware'],0,0.0
108,2021-07-30 06:44:16,ExBulletinUk,NSO Group blocks some governments from using its own spyware over allegations of abuse NPR  httpstcoG8azVUlgo0,[],0,1.0
109,2021-07-30 06:44:06,GrandForksNorth, A Tech Firm Has Blocked Some Governments From Using Its Spyware Over Misuse Claims  NPR  Israeli agencies raid NSO offices over Pegasus row  Times of India  View Full Coverage on Google News  httpstcozY3luEpjCj,[],0,1.0
110,2021-07-30 06:44:06,CedarRapidsIow, A Tech Firm Has Blocked Some Governments From Using Its Spyware Over Misuse Claims  NPR  Israeli agencies raid NSO offices over Pegasus row  Times of India  View Full Coverage on Google News  httpstcoXdlbvuL6DF,[],0,1.0
111,2021-07-30 06:44:06,JanesvilleWisco, A Tech Firm Has Blocked Some Governments From Using Its Spyware Over Misuse Claims  NPR  Israeli agencies raid NSO offices over Pegasus row  Times of India  View Full Coverage on Google News  httpstcoillrfYOySb,[],0,1.0
112,2021-07-30 06:43:29,RealityKicks,Perspective  Mexico‚Äôs shockingly broad use of spyware is a revelation Nothing will change  httpstcofduGlGSpH3,[],0,1.0
113,2021-07-30 06:42:05,DataMiningView,Israel is loth to regulate its spyware exports  The Economist  httpstcoUBTRMhOFFO,[],0,0.0
114,2021-07-30 06:38:42,LeakedsourceFan,I am an old school type of guy HTTP Sock 4,[],0,1.0
115,2021-07-30 06:37:53,NetFansbase,A Tech Firm Has Blocked Some Governments From Using Its Spyware Over Misuse Claims ‚Äì NPR  httpstcosYl9eKmG6a,[],0,2.0
116,2021-07-30 06:36:13,sNerf,Mexico Says Officials Spent 61 Million On Pegasus Spyware  httpstco7JNqbovX94,[],0,2.0
117,2021-07-30 06:34:29,DataAugmented,Mexico Says Officials Spent 61 Million On Pegasus Spyware  httpstcoTuJ8RpDmw5 privacy,['privacy'],1,2.0
118,2021-07-30 06:34:03,vanuatutech,Mexico Says Officials Spent 61 Million On Pegasus Spyware  httpstcoLHDhsNqDrg TechNews TechTips,['technews' 'techtips'],0,2.0
119,2021-07-30 06:33:35,HIREMAIDEA,A Tech Firm Has Blocked Some Governments From Using Its Spyware Over Misuse Claims  NPR  httpstcoBIbgvJLlUI,[],0,2.0
120,2021-07-30 06:33:33,igor_os777,Mexico Says Officials Spent 61 Million On Pegasus Spyware  httpstcodrGY6JW2dh,[],1,2.0
121,2021-07-30 06:33:05,AnmreS,Wellliquidating the company is a good way to get rid of liabilities   NDTV Israel Spyware Firm NSOs Owner To Be Liquidated Pegasus Scandal Fallout  httpstcoEtS2PwbFYv   httpstcohKzGaw8v6t,[],1,1.0
122,2021-07-30 06:32:44,tkusano,‚ÄúMexico says officials spent 61 million on Pegasus spyware  PBS NewsHour‚Äù  httpstco3XbzOVG8os,[],1,2.0
123,2021-07-30 06:31:05,sports5_news1,A Tech Firm Has Blocked Some Governments From Using Its Spyware Over Misuse Claims  NPR  httpstcouVJmX9BqND,[],0,2.0
124,2021-07-30 06:30:59,NcsVentures,Facebook sues Israeli company over WhatsApp spyware  computerhacking  hacking  httpstco7mKPpziqvE,['computerhacking' 'hacking'],0,0.0
125,2021-07-30 06:30:57,GregoryDEvans,Facebook sues Israeli company over WhatsApp spyware  computerhacking  hacking  httpstcoXUzZ6S70og,['computerhacking' 'hacking'],0,0.0
126,2021-07-30 06:30:45,JanetWa94118686,Beltway Insider BidenCuba Pegasus Spyware PaulFauci Clash COVIDVaccine Totals Weinstein Bezos Olympics  httpstcoSFvpwLW199,[],0,0.0
127,2021-07-30 06:30:38,slashdot,Mexico Says Officials Spent 61 Million On Pegasus Spyware  httpstcoTRxa6JyqJA,[],11,2.0
128,2021-07-30 06:27:49,KevinOfTruth,James75012099 lporiginalg spyware filled site do not enter,[],0,1.0
129,2021-07-30 06:25:46,vibgyor_Premila,207 She observed that her tweets were not visible amp her page appears blank at times He shows his power to hack into her mobile amp computers introduce spyware Complaints fall on deaf ears as he either influences or bribes the official Proclaims that he can never be caught,[],0,0.0
130,2021-07-30 06:25:05,voidotid,Pemerintah Israel pada Rabu 28 Juli mengunjungi NSO Group Perusahaan itu kini tengah menjadi bahan pergunjingan karena spyware Pegasus produksi mereka diduga telah dipasang secara diamdiam pada perangkat seluler para jurnalis dan aktivis  httpstcoyDGGuSA6hT,[],0,0.0
131,2021-07-30 06:18:36,technogaijin,sharontharp Podcast yes Clubhouse no Clubhouse is chinese spyware Why promote that,[],1,0.0
132,2021-07-30 06:17:00,DimeStoreJunkie,Serge29948835 Hey did you hear about this thing Pegasus spyware  Some group out of Israel Gets on your phone without your having to click or open anything  Theyll probably be talking about it at the Black Hat USA,[],1,2.0
133,2021-07-30 06:14:10,daviddaratony,Someone in Kansas City has attempted several times from the look of it to hack into a few of my online accounts Im use to this by now as my computer has been accessed remotely which is the worse kind of hack tantamount to keystroke spyware because remote access can,[],0,2.0
134,2021-07-30 06:13:44,QuantumSecSys,Pegasus Spyware Telegram Founder Pavel Durov Said He Was Aware of Being Targeted Since 2018  Technology News  httpstcohLTczzLOPV,[],1,1.0
135,2021-07-30 06:11:47,livedezign,How to remove computer virus malware spyware full computer clean and maintenance 2020 watch videogt httpstcosRckMvNk7v,[],0,1.0
136,2021-07-30 06:10:23,MiddleEastTon,French investigation confirms journalists phones bugged with Pegasus spyware  httpstcoyOD0NG9up3,[],0,0.0
137,2021-07-30 06:10:01,The_NewArab,The IsraelMOD took to Twitter to explain that multiple government bodies had attended NSO Groups offices close to Tel Aviv following the Pegasus spyware scandal üëá IsraeliSpyware   httpstcojlDgWSMKBM,['nso' 'pegasus' 'spyware' 'israelispyware'],0,0.0
138,2021-07-30 06:08:51,LeakedsourceFan,Look up HTTPGuy On leakedforums,[],0,0.0
139,2021-07-30 06:08:16,ReflectingMan,NSO Group Blocks Some Governments From Using Its Spyware Over Misuse Claims  NPR  httpstcooTPTjCMxCn,[],3,0.0
140,2021-07-30 06:07:09,James21700046,RYP Changing your password etc has nothing to do with this Thats just to stop someone who physically has your phone for entering Once the spyware is in its in,[],0,0.0
141,2021-07-30 06:06:33,MimTea,Pegasus Affair Israel tells France it is taking spyware allegations seriously  httpstcobSkP9WAnmP via FRANCE24,[],0,2.0
142,2021-07-30 06:04:59,karl_vick,‚ÄúAt issue in the unchecked proliferation of spyware is the future of dissent‚Äù ‚Äî Steve Coll ‚Å¶SteveCollNY‚Å©   httpstcoNJAfF4IrGh,[],0,0.0
143,2021-07-30 06:04:49,Shaf_sky,nachmankan LarryBoorstein roeez1 washingtonpost Libya would be bombed to oblivion if it tried to make any kinds of weapons let alone spyware,[],0,0.0
144,2021-07-30 06:01:56,jamesjosh007,Ive just posted a new blog NSO Employee Says Company Has Suspended Some Contracts After Spyware Revelations  httpstcoURqSPQZogu,[],0,1.0
145,2021-07-30 06:00:00,SomosLJA,üì≤ LJAComparte  Durante los gobiernos de los expresidentes Felipe Calderon y Enrique Pena Nieto fueron encontrados 31 contratos que beneficiaron a ‚Äúempresas fachadas‚Äù de la compania que desarrollo el spyware Pegasus  La nota completa aqui ‚úçÔ∏è  httpstcoGU8GPnRaCf,['ljacomparte'],0,0.0
146,2021-07-30 05:58:48,Robert4787,Excellent summary of Pegasus from its beginning to where it is now spytech Israel NSO spyware CyberSecurity   httpstcoOwvTLmESFz,['pegasus' 'spytech' 'israel' 'nso' 'spyware' 'cybersecurity'],2,1.0
147,2021-07-30 05:57:52,WendyBugliari,LongAsUCan2 NO fuqqing way Israel gets a buy in Are we fighting spyware or NOT Climate rehabilitation or NOT The squads aggression is necessity at this point and wtf Hillary got involved is messing me UP bigly,[],1,2.0
148,2021-07-30 05:57:38,CoordEuropa,La spyware Pegasus colpisce in Azerbaijan  httpstcouzBMLOBx1H via BalcaniCaucaso,[],0,0.0
149,2021-07-30 05:56:27,spyware54,‡∏£‡∏∞‡∏ß‡∏±‡∏á‡πÑ‡∏ü‡πÄ‡∏ã‡∏≠‡∏£‡πå‡∏´‡∏≤‡∏¢,[],0,0.0
150,2021-07-30 05:55:02,MiddleEastMnt,Israel is investigating NSO over spyware scandal following complaints from journalists politicians and human rights defenders  httpstcoOeKx8VrFYI,[],4,0.0
151,2021-07-30 05:53:50,chopinsheart,Gantz in Paris to discuss spyware scandal as Israeli officials inspect NSO offices    Israeli Defense admits NSO offices visited Wed their first acknowledgment of the NSO issue  httpstcoLsQtO0uWPs,[],0,1.0
152,2021-07-30 05:53:16,1960carlosg,Alemar5S edlara357 LoboEstepar guruchuirer alarcondibujos ¬øo sea que los conocio a todos Historial medico habitos costumbres familiares y vida diaria familiar y todo eso Creo que ud Utiliza el spyware pegasuso es pariente de todos,[],2,1.0
153,2021-07-30 05:52:55,janeworld1,ericgarland NPR Suspensions are in response to investigation by the Pegasus Project a consortium of media outlets that reported companys Pegasus spyware was linked to hacks and potential surveillance of telephones of people including journalists human rights activists and heads of state,[],1,0.0
154,2021-07-30 05:52:34,spyware54,‡∏ö‡∏•‡πá‡∏≠‡∏Å‡∏≠‡∏±‡∏°‡∏£‡∏¥‡∏ô‡∏ó‡∏£‡πå ‡∏ó‡∏µ‡∏ß‡∏µ,[],0,0.0
155,2021-07-30 05:51:42,MimTea,Check your phones for this Israeli developed spyware which is the centre of so many reclamations globally  httpstcoFeWPIpVx8e,[],0,1.0
156,2021-07-30 05:49:24,naifkuri,Preguntas frecuentes Que saber sobre el spyware Pegasus y como proteger su telefono  The Washington Post  httpstco1Z6vFSNin5,[],0,0.0
157,2021-07-30 05:48:53,Misabh2020,tathagata2 Which world are u living in Sir Is it UTOPIAN  Worst GDP Worst economy Worst Emploment Worst Covid Mangement  Oxygen Shortage Floating Human Bodies Pegasus spyware scandal Farmers Protest Central Vistayou need more    httpstcoqDRXETwvYn,[],0,2.0
158,2021-07-30 05:46:47,jatoiroshan,sanchitgarg We dont need any thing from Apple this September because Pegasus spyware is already fully compatible with their products,[],0,0.0
159,2021-07-30 05:46:41,SoerenHeard,Leaks Reveal Spyware Meant To Track Criminals Targeted Activists Instead freshAir   httpstcoMdc9KiFIUt,['freshair'],0,0.0
160,2021-07-30 05:46:33,PapaESoCo,A Tech Firm Has Blocked Some Governments From Using Its Spyware Over Misuse Claims  httpstcoOAjK3AcFVe,[],0,2.0
161,2021-07-30 05:45:26,sanjaymehta,Facebook Wanted NSO Spyware to Monitor iOS Users  deletefacebook pegasus  Funny thing is that all these clowns whining about NSO are also on Fecesbook   httpstcoBRb3Rxix41,['deletefacebook' 'pegasus'],0,1.0
162,2021-07-30 05:43:07,belowsealevelco,Leaks Reveal Spyware Meant To Track Criminals Targeted Activists Instead  httpstcoLEvFlwv1Gl,[],0,0.0
163,2021-07-30 05:41:38,crypto_Prothean,‚ÄùSpywarelike features have been discovered inside an app named ‚ÄôBeijing One Pass‚Äô that foreign companies operating in China are forced to install on their systems in order to access a digital platform to manage employee state benefits‚Äù   httpstcorupwjxnbLS,['china'],0,2.0
164,2021-07-30 05:40:34,enidlogan,NSO Group Blocks Some Governments From Using Its Spyware Over Misuse Claims  NPR  httpstcobG7JfH5FT0,[],0,0.0
165,2021-07-30 05:40:14,YDanasmithdutra,tammysager TeresaCCarter2 iblametom DavidManOnFire RussellSieg clearingfog I love my friend Thomas I know how brilliant he is I didn‚Äôt know he had a knack for spyware Good to know   I‚Äôll be adding you to my spyware tweets ThomasS4217 üòò,[],5,1.0
166,2021-07-30 05:39:16,SoupFlavors,ggingervitis Images photos emails messages taken on the new phone could pop up on the old one if it‚Äôs still syncing I don‚Äôt think you could install spyware on the new phone from the old one though,[],1,1.0
167,2021-07-30 05:38:44,voiceofbillu404,‡§ö‡§≤‡§ø‡§è ‡§Ö‡§¨ ‡§ñ‡•á‡§≤‡§æ  ‡§ñ‡•Å‡§≤‡•á‡§ó‡§æ ü§î Pegasus A New App Claims It Can Detect the Spyware on Phones  httpstcooRZr0svfkl,[],2,1.0
168,2021-07-30 05:38:41,LeakedsourceFan,Made a new forum account,[],0,1.0
169,2021-07-30 05:37:57,RavinderKapur2,Over 500 individuals and groups have endorsed an open letter to CJI NV Ramana urging immediate intervention of the SC on matters pertaining to Indian end of the international Pegasus spyware scandal  The letter request the Government to provide time bound answers to questions ,[],41,0.0
170,2021-07-30 05:37:43,freegazaorg,Mexico says officials spent 61 million on Pegasus spyware  httpstcoiDFoTvouAz,[],3,2.0
171,2021-07-30 05:35:32,campuscodi,NEW Spyware features found in Chinese employee state benefits app   httpstcoClDyOJMXli  httpstco3RWd0ykylP,[],27,1.0
172,2021-07-30 05:35:11,clearing_fog,Israeli spyware company NSO Group has temporarily blocked several government clients around the world from using its technology as the company investigates their possible üëâmisuseüëà a company employee told NPR on Thursday  Not ‚Äúmisuse‚Äù  it‚Äôs by design   httpstcowOtUJR50vR,[],17,0.0
173,2021-07-30 05:34:19,belowsealevelco,NSO Group Blocks Some Governments From Using Its Spyware Over Misuse Claims  NPR  httpstco7strJt1sCI,[],0,0.0
174,2021-07-30 05:32:31,gertdecooman,‚Äúpushing back against the proliferation of technologies that operate like commercial intelligence services‚Äù  Opinion  Global spyware such as Pegasus is a threat to democracy Here‚Äôs how to stop it  The Washington Post  httpstcoGZfYhp5OPO,[],1,0.0
175,2021-07-30 05:31:29,thesirengroup,Spyware amp hacks  fileflex executive cyber advisor amp security expert E Dubrovsky weighs in AlexpiersonAMP ONPoint podcast   httpstcojyciUDkwW0,['spyware' 'hacks' 'cyber' 'security' 'onpoint' 'podcast'],1,0.0
176,2021-07-30 05:30:48,EINSoftwareNews,NSO Employee Says Company Has Suspended Some Contracts After Spyware Revelations  httpstcoDkoqpYiOjK,[],0,0.0
177,2021-07-30 05:30:23,AmlecHouse,MySecTV  Live at 1000am AEST  DroneShield 2Q21 Results  PLUS  Spyware Attacks  mysecuritytv drones droneshield spyware cybersecurity ECU,['mysecuritytv' 'drones' 'droneshield' 'spyware' 'cybersecurity' 'ecu'],1,1.0
178,2021-07-30 05:28:38,ViaTecnologica,¬øSera cierto NSO Group lleva algunos anos sonando con escandalos relacionados a privacidad y spyware senalandose como responsable de explotar una vulnerabilidad en WhatsApp que en 2019 instalaba Pegasus con tan solo recibir una llamada ViaTec,['pegasus' 'viatec'],0,0.0
179,2021-07-30 05:28:37,dawnat1618,GodzillaGreg 1 nothing wrong with transparency  2 its wrong to go through someone elses phone open their mail etc 3 if you feel the need to spy on your spouse you need a marriage counselor or a divorce lawyer not spyware,[],0,2.0
180,2021-07-30 05:28:31,Robert4787,Spyware for use in antiterror investigations is being misused to watch journalists professors and Politicians across the world much of which originates in the NSO Group based in Israel Pegasus SiliconValley privacy    httpstco7dulBOMUUd,"['spyware' 'journalists' 'professors' 'politicians' 'israel' 'pegasus'
 'siliconvalley' 'privacy']",7,1.0
181,2021-07-30 05:25:08,nswint,This Week in Google Audio  Put Another Lettuce on the Barbie  NSO spyware Jeff Bezos rocket Tweetdeck revamp ASUS CX9  httpstcoNpu69oPnnp,[],0,0.0
182,2021-07-30 05:24:02,AustCyberSecMag,MySecTV  Live at 1000am AEST  DroneShield 2Q21 Results  PLUS  Spyware Attacks  httpstcoMnhFsuH6sf MySecurityTV drones droneshield spyware cybersecurity ECU  httpstcoUz2Ih0zkQ5,['mysecuritytv' 'drones' 'droneshield' 'spyware' 'cybersecurity' 'ecu'],0,1.0
183,2021-07-30 05:24:01,DrasticNews,MySecTV  Live at 1000am AEST  DroneShield 2Q21 Results  PLUS  Spyware Attacks  httpstcoodTlco1Nhx MySecurityTV drones droneshield spyware cybersecurity ECU  httpstco2SD2DFpwIU,['mysecuritytv' 'drones' 'droneshield' 'spyware' 'cybersecurity' 'ecu'],0,1.0
184,2021-07-30 05:23:00,apsmagazine,MySecTV  Live at 1000am AEST  DroneShield 2Q21 Results  PLUS  Spyware Attacks  httpstcoTqokRFTmdS MySecurityTV drones droneshield spyware cybersecurity ECU,['mysecuritytv' 'drones' 'droneshield' 'spyware' 'cybersecurity' 'ecu'],0,1.0
185,2021-07-30 05:20:52,valueterminal,These two should get together maybe he could help her uninstall the BonziBuddy spyware  httpstcoY26BWO6WHP,[],4,0.0
186,2021-07-30 05:20:27,PulpNews,NSO Employee Says Company Has Suspended Some Contracts After Spyware Revelations  Jul 29  748 PM ET  httpstco7Bq9xtiPqn,[],0,0.0
187,2021-07-30 05:16:06,L_Capotorto,Spyware why the booming surveillance tech industry is vulnerable to corruption and abuse  via TCglobal  httpstcoToEXM6ACAb,[],0,2.0
188,2021-07-30 05:15:14,ishaannnnnnnn,POSSIBLE MISUSE  ITS A SPYWARE  WHO ARE YOU KIDDING  WHO IS THIS SUPPOSED TO BE TARGETED AT WHICH IDIOT,[],1,2.0
189,2021-07-30 05:14:01,JackieA01667188,Pegasus Project reveals spyware targeting journalists and activists  ‚Äì USA Herald  httpstco1KpfNnI5gd,[],1,0.0
190,2021-07-30 05:12:36,fortivus,Israeli authorities raid offices of spyware maker Pegasus Cybersecurity security via  httpstcoV7FfW08zbr  httpstcokoBxPZeIZn,['cybersecurity' 'security'],0,0.0
191,2021-07-30 05:11:25,LAESMediaTech,New story on NPR NSO Employee Says Company Has Suspended Some Contracts After Spyware Revelations  httpstcoYDBKglH9sd  httpstcoaCTRryRSm0,[],0,1.0
192,2021-07-30 05:10:56,KolHaolam,ISRAEL Reuters Israeli spyware firm NSO Group temporarily blocked several government clients from using its product as it investigates possible misuse of the tech,[],5,2.0
193,2021-07-30 05:10:33,nickafkas,NSO Employee Says Company Has Suspended Some Contracts After Spyware Revelations  httpstco649NItagLJ,[],0,0.0
194,2021-07-30 05:09:27,GottaLaff,The Israeli spyware firm NSO Group has temporarily blocked several government clients from using its product as it investigates their possible misuse of the technology an employee told NPR  httpstcotTqHBJoNmb,[],5,2.0
195,2021-07-30 05:08:54,LeakedsourceFan,Why is hackedforums down,[],0,2.0
196,2021-07-30 05:08:39,NPR,JUST IN The Israeli spyware firm NSO Group has temporarily blocked several government clients from using its product as it investigates their possible misuse of the technology an employee told NPR  httpstcozeCqDPRFaI,[],156,2.0
197,2021-07-30 05:08:27,The0nlyMadMan,LegalEagle a video idea in the spirit of today‚Äôs upload NSO Group Israeli Pegasus Spyware NSA Julian Assange Edward Snowden etc,[],0,0.0
198,2021-07-30 05:07:15,sunflowervol51,O QUE FAZER SE RECEBE UM DM COM UM LINK PARA O INSTAGRAM ‚õîÔ∏è‚õîÔ∏è‚õîÔ∏è‚õîÔ∏è   1 NAO ABRA  E um spyware que rouba sua conta e a usa para continuar enviando mais links para suas mutuas   SE VOCE RECEBEU O DM Exclua o link e notifique seu mutuo para alterar a senha,[],0,0.0
199,2021-07-30 05:06:03,RealityKicks,memo Amnesty reports on a cyber spyware  httpstcoaZ3kznNQhL,[],0,0.0
200,2021-07-30 05:04:22,JackieA01667188,Pegasus Project reveals spyware targeting journalists and activists  ‚Äì USA Herald  httpstcoZVgkQ34Js5,[],0,0.0
201,2021-07-30 05:03:39,Z21Mazinger,NSO Employee Says Company Has Suspended Some Contracts After Spyware Revelations  httpstcoX8oFFmjNmQ,[],2,0.0
202,2021-07-30 05:03:22,JT28195148,business BW Tiktok is just invasive Chinese spyware Don‚Äôt need it in my life,[],0,0.0
203,2021-07-30 05:00:44,Charotar2020,Rights group calls for moratorium on the use of spyware in Mexico  httpstcov95x1lzr5f,[],0,0.0
204,2021-07-30 04:56:41,Marketsbylili,Take your mobile privacy back with a degoogled‚Äô Android  google services without the spyware amp data collection  1 buy a google pixel 4a or 5 2 Install CalyxOS on it I just followed this video  httpstcoi0ryTSJNxn 3 Download apps on FDroid or Aurora store,[],79,0.0
205,2021-07-30 04:54:47,AthrynGeier,Israel spyware scandal is similar to arms sales used to carry out genocides analyst says Courtesy memo  July 29 2021 at 1220 pm   httpstco9u6Vy665uR,[],0,0.0
206,2021-07-30 04:54:06,rvp,Pegasus NSO Spyware Snooping Surveillance Sec43InfoTechAct Sec69InfoTechAct Sec66InfoTechAct   httpstcoBaBzX9sEOB   malhotravineet7  AnumaVidisha of INCIndia  SudeshBJP of BJP4India  ajaydata  Me RaviVisvesvarayaSharadaPrasad rvp  On NewsX TV Thu 29 July 2021,"['pegasus' 'nso' 'spyware' 'snooping' 'surveillance' 'sec43infotechact'
 'sec69infotechact' 'sec66infotechact' 'ravivisvesvarayasharadaprasad']",0,0.0
207,2021-07-30 04:53:35,PBIcanada,A statement from EspacioOsc highlights that consorciooaxaca lawyer Yesica Sanchez Maya was among the Mexican human rights defenders targeted by the Pegasus spyware She works to stop femicide and violence against women  httpstcotDskljwjNk PegasusProject PBIaccompanies  httpstcoAXwUAnRnbk,['pegasusproject' 'pbiaccompanies'],3,0.0
208,2021-07-30 04:51:10,Bitesizewn,NSO Employee Says Company Has Suspended Some Contracts After Spyware Revelations  httpstcoKN2y9tswVe,[],0,0.0
209,2021-07-30 04:49:10,Bitesizewn,Nervous about spyware Heres how to protect yourself  httpstcoexpijaKwbp,[],0,0.0
210,2021-07-30 04:47:57,AthrynGeier,US voices concerns to Israel about NSO Israeli spyware Courtesy memo   July 29 2021 at 706 pm   httpstcoNVxDEOZJ2Q,[],0,0.0
211,2021-07-30 04:44:07,NicolaCrow2,Opinion  Global spyware such as Pegasus is a threat to democracy Here‚Äôs how to stop it  httpstcoiXexM90XqY,[],0,0.0
212,2021-07-30 04:44:01,Ben11568527,washingtonpost You really think Israels afraid of facing that spyware scandal,[],1,2.0
213,2021-07-30 04:43:58,Oscar_YA_ZHANG,New story on NPR NSO Employee Says Company Has Suspended Some Contracts After Spyware Revelations  httpstcoLFYgxubOJQ,[],0,1.0
214,2021-07-30 04:41:49,spellboundmage,Oh man very dark but in the Superidols dimension something like a terrible algorithms that make it harder for starting idols to get noticed on idoltube or an app that has spyware on it that steals original songs or of course anything made for Crimson Signal all work as shames,[],6,2.0
215,2021-07-30 04:40:57,NMR85929562,Global spyware such as Pegasus is a threat to democracy Here‚Äôs how to stop it   httpstcoBSxwIALmsc,[],0,0.0
216,2021-07-30 04:40:39,rvp,Pegasus NSO Spyware Snooping Surveillance Sec43InfoTechAct Sec69InfoTechAct Sec66InfoTechAct   httpstcoBaBzX9sEOB   malhotravineet7  AnumaVidisha of INCIndia  SudeshBJP of BJP4India  ajaydata  Me RaviVisvesvarayaSharadaPrasad rvp  On NewsX TV Thu 29 July 2021,"['pegasus' 'nso' 'spyware' 'snooping' 'surveillance' 'sec43infotechact'
 'sec69infotechact' 'sec66infotechact' 'ravivisvesvarayasharadaprasad']",0,0.0
217,2021-07-30 04:40:31,safinmad,Zuck had sued NSO ‚¨áÔ∏è yet NSO claims he wanted their spyware per Vice for facebook   httpstcokJunyx0u4Q,[],1,0.0
218,2021-07-30 04:40:17,HackersReview_,Israeli authorities raid offices of spyware maker Pegasus    httpstcofh3mylyUlV Malware cybersecurity  hacker infosec cyberattack ethicalhacking ransomware cybercrime hackers security pentesting linux phishing technology IoT  httpstcoyJn5yFLNMr,"['malware' 'cybersecurity' 'hacker' 'infosec' 'cyberattack'
 'ethicalhacking' 'ransomware' 'cybercrime' 'hackers' 'security'
 'pentesting' 'linux' 'phishing' 'technology' 'iot']",5,0.0
219,2021-07-30 04:40:05,deesbarbara,NSO Employee Says Company Has Suspended Some Contracts After Spyware Revelations  httpstcogKVoogxMXB,[],2,0.0
220,2021-07-30 04:39:53,rvp,Pegasus NSO Spyware Snooping Surveillance Sec43InfoTechAct Sec69InfoTechAct Sec66InfoTechAct   httpstcoBaBzX9sEOB   malhotravineet7  AnumaVidisha of INCIndia  SudeshBJP of BJP4India  ajaydata  Me RaviVisvesvarayaSharadaPrasad rvp  On NewsX TV Thu 29 July 2021,"['pegasus' 'nso' 'spyware' 'snooping' 'surveillance' 'sec43infotechact'
 'sec69infotechact' 'sec66infotechact' 'ravivisvesvarayasharadaprasad']",0,0.0
221,2021-07-30 04:39:45,marcos_bicalho,A tchurma que comprou o juiz para prender o Lula e tiralo da eleicao que queria comprar um spyware israelense para chantagear adversarios que se elegeu por 20 anos via urna eletronica quer plantar a confusao eleitoral   Se Bozo provar que se elegeu via fraude vai preso,[],3,0.0
222,2021-07-30 04:39:24,suarajakarta88,New post Kelompok HAM menyerukan moratorium penggunaan spyware di Meksiko   Berita Andres Manuel Lopez Obrador  httpstcouBMwE2BPFP,[],0,1.0
223,2021-07-30 04:38:56,LeakedsourceFan,YO I GOT A 4 CHAR,[],0,0.0
224,2021-07-30 04:37:16,rvp,Pegasus NSO Spyware Snooping Surveillance Sec43InfoTechAct Sec69InfoTechAct Sec66InfoTechAct   httpstcoBaBzX9sEOB   malhotravineet7  AnumaVidisha of INCIndia  SudeshBJP of BJP4India  ajaydata  Me RaviVisvesvarayaSharadaPrasad rvp  On NewsX TV Thu 29 July 2021,"['pegasus' 'nso' 'spyware' 'snooping' 'surveillance' 'sec43infotechact'
 'sec69infotechact' 'sec66infotechact' 'ravivisvesvarayasharadaprasad']",0,0.0
225,2021-07-30 04:37:11,USRealityCheck,NSO Employee Says Company Has Suspended Some Contracts After Spyware Revelations The Israeli firm is under scrutiny after reports its products were used by countries seeking to spy on dissidents and leaders  httpstcoNfdRtotGjP,[],0,2.0
226,2021-07-30 04:36:14,Healitnow,Leaks Expose Israeli Spyware Abused Worldwide  httpstcoRQwhlwLqm8 via YouTube,[],0,0.0
227,2021-07-30 04:34:49,techdotintel,NSO Employee Says Company Has Suspended Some Contracts After Spyware Revelations gt  httpstco3Zrz5EJ2IE technews technology news,['technews' 'technology' 'news'],0,0.0
228,2021-07-30 04:33:01,nprworld,NSO Employee Says Company Has Suspended Some Contracts After Spyware Revelations  httpstcow3Y30XX4uE,[],0,0.0
229,2021-07-30 04:32:14,TomBalawejder,DanielEstrin carriecordero NPR Spyware misused  httpstco3RbJh9K1Pe,[],0,0.0
230,2021-07-30 04:32:10,Francis_Aln,adfichter Which spyware companies did they bankroll ,[],0,0.0
231,2021-07-30 04:31:49,AnnyAllerton,The other Usual Suspect NSO Group‚Äôs Pegasus Spyware can infect your phone without you doing anything  keep up with patches üì±üïµÔ∏è CyberSpiracy InfoSec   httpstcolzkHzqznFj  httpstcoR1Qutjwy4h,['spyware' 'cyberspiracy' 'infosec'],0,2.0
232,2021-07-30 04:30:05,rcg_media,Tecnologia üì± ¬øSabias que Los usuarios que recolectan informacion privada sin su consentimiento se conocen como spyware üßê  httpstco1m1BEnmbxp,['tecn√≥logia'],0,0.0
233,2021-07-30 04:30:05,3rdStng,How effective is iPhone security in protecting users against Pegasus spyware CyberTalk  httpstcoEAeKFhOAgh,['security' 'users' 'cybertalk'],0,1.0
234,2021-07-30 04:29:53,SploogeSlayer,Cybersecurity experts in Mexico say there is currently little to no regulation or legislation in the country to oversee the use of privately purchased spyware and virtually anyone is at risk  httpstcoLwmnMDFA14,[],0,2.0
235,2021-07-30 04:28:20,Wildharv,JavierGoya7 Instead of crying about it he started building  He took Googles chrome browser stripped all the spyware out of it and launched Brave  Its a great browser all on its own and you can ignore the cryptocurrency aspect of it if you wish,[],1,1.0
236,2021-07-30 04:28:10,christinayiotis,‚Äú Israeli spyware company NSO Group has temporarily blocked several government clients around the world from using its technology as the company investigates their possible misuse‚Äù NSO Employee Says Some Contracts Suspended    httpstco3cL8jjWZBS NPR Surveillance Privacy,['israeli' 'nso' 'surveillance' 'privacy'],1,0.0
237,2021-07-30 04:24:09,ApriaMalita,New story on NPR NSO Employee Says Company Has Suspended Some Contracts After Spyware Revelations  httpstcoV5Vcz4MarY,[],0,1.0
238,2021-07-30 04:23:36,TimonichevDenja,New story on NPR NSO Employee Says Company Has Suspended Some Contracts After Spyware Revelations  httpstcotRa1iwhgZi,[],0,1.0
239,2021-07-30 04:22:57,DanielEstrin,5 The company employee would not name or quantify the government agencies NSO has recently suspended from using its spyware claiming Israeli defense regulations prohibit the company from identifying its clients,[],3,0.0
240,2021-07-30 04:22:56,DanielEstrin,3 The company has been under scrutiny in the wake of the reports The Israeli government has also faced pressure since it regulates the sale of spyware technology to other countries Now the company says it is suspending some clients access to its technology,[],5,2.0
241,2021-07-30 04:22:55,DanielEstrin,2 The suspensions are in response to an investigation by a consortium of media outlets that reported the companys Pegasus spyware was linked to hacks and potential surveillance of telephones of people including journalists human rights activists and heads of state,['pegasus'],4,0.0
242,2021-07-30 04:22:55,DanielEstrin,1 Israeli spyware company NSO Group has temporarily blocked several government clients around the world from using its technology as the company investigates possible misuse a company employee told NPR on Thursday,['nso'],16,0.0
243,2021-07-30 04:22:45,mel_ryan1,RT Asuretidp RT threatpost Authorities from multiple agencies of the Israeli government visited NSOGroup as part of a new investigation into claims that it‚Äôs selling spyware to threat actors for targeted cyberattacks Pegasus cybersecurity   httpstcoLJxrvBE8B9,['rt' 'spyware' 'cyberattacks' 'pegasus' 'cybersecurity'],0,1.0
244,2021-07-30 04:21:45,NcsVentures,What is spyware ‚Äî and how can you protect yourself  itsecurity  infosec  httpstcospEq4OmEqv,['itsecurity' 'infosec'],1,0.0
245,2021-07-30 04:21:44,GregoryDEvans,What is spyware ‚Äî and how can you protect yourself  itsecurity  infosec  httpstcoWZzFCEQxTF,['itsecurity' 'infosec'],1,0.0
246,2021-07-30 04:20:06,SocialRota,Facebook Wanted NSO Spyware to Monitor Users NSO CEO Claims 2020  httpstcoEGoQz6jxJ0,[],0,0.0
247,2021-07-30 04:19:03,randalldrew,thatdarn NormOrnstein I wonder if Bibi Netanyahu gave the dotard that mobile phone spyware to use on Qevin and all those other lackeys who once criticized him but now sing his praises looking at you Ted Lindsey and little Marco,['dotard'],2,2.0
248,2021-07-30 04:18:15,billm9,Snowden People Who Bankroll the Spyware Industry Should Be in Prison     httpstcoxPY3eocftZ,[],0,0.0
249,2021-07-30 04:17:42,JM_Coppede,New story on NPR NSO Employee Says Company Has Suspended Some Contracts After Spyware Revelations  httpstcoKeCwSR2qSR,[],0,1.0
250,2021-07-30 04:17:23,xalfeed,NPR NSO Employee Says Company Has Suspended Some Contracts After Spyware Revelations  httpstcomJI4dM42BY,[],0,0.0
251,2021-07-30 04:17:03,ZyiteGadgets,NSO Employee Says Company Has Suspended Some Contracts After Spyware Revelations  httpstcow5IoaWcNXq  httpstcoYtTYaMC7vT,[],0,0.0
252,2021-07-30 04:17:03,GiGiCaponePR,News  NSO Employee Says Company Has Suspended Some Contracts After Spyware Revelations  httpstcotvwa3i4rTV via NPR  httpstcoLkf9xYiGBX,[],0,0.0
253,2021-07-30 04:17:03,akbarth3great,NSO Employee Says Company Has Suspended Some Contracts After Spyware Revelations  httpstcoXG5U7jQwJ0,[],1,0.0
254,2021-07-30 04:17:03,BerkleyBearNews,NSO Employee Says Company Has Suspended Some Contracts After Spyware Revelations  httpstcoViw8MfszOK,[],0,0.0
255,2021-07-30 04:15:54,LatestTable,Rights group calls for moratorium on the use of spyware in Mexico  httpstcoHMdWdt1Ru6,[],0,0.0
256,2021-07-30 04:15:51,kamzou08,New story on NPR NSO Employee Says Company Has Suspended Some Contracts After Spyware Revelations  httpstcohEyHdzaPZB,[],0,1.0
257,2021-07-30 04:15:34,karmynkast,TechNews NSO Employee Says Company Has Suspended Some Contracts After Spyware Revelations  httpstcoT8KFGNLx7B,['technews'],0,0.0
258,2021-07-30 04:15:09,SecurityNewsbot,Israeli authorities investigate NSO Group over Pegasus spyware abuse claims  httpstcoM2EfJz91ND TheRegister,['spyware' 'theregister'],1,0.0
259,2021-07-30 04:15:03,AbbasM,NSO Employee Says Company Has Suspended Some Contracts After Spyware Revelations  httpstcoaesnQB6J0b,[],0,0.0
260,2021-07-30 04:13:04,WCMUNews,NSO Employee Says Company Has Suspended Some Contracts After Spyware Revelations  httpstco0dliFkFIgj  httpstcovKRZhxuCUR,[],0,0.0
261,2021-07-30 04:12:32,npralltech,NSO Employee Says Company Has Suspended Some Contracts After Spyware Revelations  httpstcoCfGqhHM9l2,[],1,0.0
262,2021-07-30 04:12:22,SaraIramGL,amnesty claims Rwandan authorities have used Pegasus ‚Äúspyware to potentially target more than 3500 activists journalists and politicians‚Äù including ckanimba Today on OneWorldCNN EleniGiokos asked Rwanda‚Äôs Justice Minister to respond to these allegations Listen belowüëá,['rwandan' 'pegasus'],8,1.0
263,2021-07-30 04:10:41,joshuamills044,The recent Pegasus spyware scandal has conveniently served to divert attention from the worlds biggest hacker US   If it can care so little about killing human beings en masse ‚Äì it will hardly have second thoughts about hacking computers and mobiles    httpstcovpZjACkK4F,['pegasus'],1,2.0
264,2021-07-30 04:10:26,littleclay2,jimmydore YouTube Yup I was hacked or something Past two days unable to access twitter The logon page glitzyspazingjumping around like the computer stepped in puddle of water Back to normal except now getting popups everywhere I go for protect yourself block spyware privacy etc,[],0,2.0
265,2021-07-30 04:10:15,Mit_Ist_Sosyal,El Cezire   Rights group calls for moratorium on the use of spyware in Mexico  httpstcoMuIbiZjCOB  httpstcolYymDcg6an,[],0,0.0
266,2021-07-30 04:10:02,The_NewArab,The IsraelMOD took to Twitter to explain that multiple government organisations had attended NSO Groups offices close to Tel Aviv following the Pegasus spyware scandal üëá IsraeliSpyware   httpstcoFYRqHKHmHO,['nso' 'pegasus' 'spyware' 'israelispyware'],0,0.0
267,2021-07-30 04:10:01,eltiempolatino,Las empresas tecnologicas como Apple Facebook y Google podrian seguir ampliando sus politicas de encriptacion y manejo de data para proteger a sus usuarios de este tipo de spyware  httpstcoRZB1d3k0X1,[],0,0.0
268,2021-07-30 04:09:57,betterhn50,Facebook Wanted NSO Spyware to Monitor Users NSO CEO Claims 2020  httpstcozrIN95qKUC  httpstcoABIDrNjV6G,[],0,0.0
269,2021-07-30 04:09:02,UCSBInfoSec,Israeli Government Visits NSO Group Amid Spyware Claims   cybersecurity ITsecurity infosec UCSBinfosec    httpstcoSoYMI7rAVA  httpstcolu2AqPMUM7,['cybersecurity' 'itsecurity' 'infosec' 'ucsbinfosec'],2,0.0
270,2021-07-30 04:08:48,LeakedsourceFan,U there SleepTheGod,[],0,0.0
271,2021-07-30 04:06:55,NewsJaun,White House has spoken to Israeli officials about spyware concerns following Pegasus Project revelations  httpstco7lrdn4AZuA,[],0,0.0
272,2021-07-30 04:04:54,thesaucem,ShugKnight10 Ah yes the Cue Cat The most prolific bundle of spyware with hardware the world has ever seen,[],2,1.0
273,2021-07-30 04:03:58,VampireLestat,darth Tankieskelly Your phone has the Pegasus spyware darth time to set it ablaze,[],0,0.0
274,2021-07-30 04:02:04,Inaru56401236,Impressive democracy youve got there Israel I guess that widelyadvertised spyware failed,[],0,1.0
275,2021-07-30 04:00:00,Info_Activism,Snowden People Who Bankroll the Spyware Industry Should Be in Prison  httpstcoChVCXchrVJ,[],9,0.0
276,2021-07-30 03:58:21,tammy_sager,YDanasmithdutra TeresaCCarter2 iblametom DavidManOnFire RussellSieg clearingfog Btw if you don‚Äôt already know Thomas is an excellent journalist regarding spyware I‚Äôve read a lot of his past work so good üòÑ,[],9,1.0
277,2021-07-30 03:55:47,Treadstone71LLC,PEGASUS SPYWARE DECOMPILED  Thanks to vxunderground vxunderground I was able to decompile the sources he gathered  httpstcoFMs1Km13Nv,[],5,1.0
278,2021-07-30 03:54:46,tammy_sager,DavidManOnFire Lol this Ability firm looks to be in a league of its own in criminality I do hope to circle back to it amp do a thread all of its own ‚ò∫Ô∏è  The individuals do tie into so much of the close amp closedlip Israeli Spyware industry,['israeli' 'spyware'],1,1.0
279,2021-07-30 03:53:51,ani_bencohen,World Service radio radically broadens BBC‚Äôs framing of spyware story  httpstco2N9AlJwDCQ via UKMediaWatch,[],0,0.0
280,2021-07-30 03:52:11,ecupuntocom,Tecnologia ¬∑ Hackeos durante la pandemia casi 8000 detecciones de spyware     httpstco9q7vAdqpHo   ESETECUADOR 29Jul Hackeos  httpstco3FfilaDCQM,['tecnologia' '29jul' 'hackeos'],0,0.0
281,2021-07-30 03:51:40,BarbaraHazelw10,Pegasus   Private spyware was used to hack journalists and activists around the world according to multiple news outlets   httpstcoXXo0CnarX7,[],0,0.0
282,2021-07-30 03:51:20,billorme,Not till now WhiteHouse officials spoke to Israel about spyware concerns following PegasusProject  revelations  httpstcoDeyPUjWuE3,['whitehouse' 'israel' 'pegasusproject'],0,0.0
283,2021-07-30 03:50:53,AsiaPacificFdn,AsiaWatch  Latest Issue üìö New Chinese education regs have big implications for Canada üì±Pegasus spyware revelations spark backlash üíâ Australia struggles with its COVID19 vaccine rollout ü§ù US tries to rally allies in Asia  Read here  httpstco93iXxoDSgS cdnpoli,['asiawatch' 'canada' 'australia' 'covid19' 'us' 'asia' 'cdnpoli'],0,1.0
284,2021-07-30 03:50:46,wild68223259,Concerned about the spyware Does the Australian Government have it Plenty of missed calls and when you call back it says ‚ÄòThis call is not connected‚Äù Where‚Äôs  my tinfoil hat Which other countries have it,[],0,2.0
285,2021-07-30 03:49:49,tammy_sager,ParagonSolutions Spyware,['paragonsolutions' 'spyware'],0,0.0
286,2021-07-30 03:47:28,SusanSing5,ÂúãÈöõÁ§æÊúÉÊáâÂ¶Ç‰ΩïÁ¥ÑÊùüÁßÅ‰∫∫spywareË°åÊ•≠,[],0,0.0
287,2021-07-30 03:46:32,DomingosNoguei7,Internacional Estadao Visita de Ministro da Defesa de Israel a Franca inclui spyware Pegasus na agenda  httpstcoFXsj4qZsHQ  via GoogleNews,[],0,0.0
288,2021-07-30 03:46:28,etweetter,This is typical Jewish Israeli attitude  You cannot talk about or criticize a Jew otherwise it is antisemitism   Opinion  NSO and its spyware are here to stay  httpstcoMVXujMZOqP,['antisemitism'],0,2.0
289,2021-07-30 03:38:48,LeakedsourceFan,How do you crack adobe,[],0,0.0
290,2021-07-30 03:38:25,billm9,Snowden People Who Bankroll the Spyware Industry Should Be in Prison   httpstcoxPY3eocftZ,[],0,0.0
291,2021-07-30 03:37:53,billm9,Snowden People Who Bankroll the Spyware Industry Should Be in Prison  httpstcoxPY3eocftZ,[],0,0.0
292,2021-07-30 03:35:11,AlBiRumi,Great Israel amp its spyware are here to stay  httpstcoAhEnnqTxV2 Anyone assume they are unable to spy on any individual they choose here in America After all Israel is our Closest Ally and it would be scandalously antiSemitic to block them from spying on all of us,[],1,1.0
293,2021-07-30 03:34:01,leoneldicamillo,Facebook Wanted NSO Spyware to Monitor Users NSO CEO Claims 2020  httpstco39tHqZ9kop,[],0,0.0
294,2021-07-30 03:33:22,worthynews,White House raises concerns with Israel about possible NSO spyware controversy   Israel may be at the center of a diplomatic crisis after the White House raised concerns about reports that Pegasus spyware from Israeli   httpstcozfDvA18lCo  httpstcoOCX2Zsn91b,[],0,2.0
295,2021-07-30 03:32:00,algalitsky,As AJCGlobal welcomes deepening üáÆüá±üá¶üáø ties amp boasts about pioneering the relationship heres what its brought the region   Harop drone strikes on Armenian civilians  M095 cluster munition strikes on civilians  Spyware to consolidate Aliyevs dictatorship  What a legacy,[],62,0.0
296,2021-07-30 03:31:49,mobilesecurity_,Detailed analysis comgmrdckeep  Android Spyware MobileSecurity AndroidSecurity  httpstcoOYmcxcItod  httpstcoOYmcxcItod,['mobilesecurity' 'androidsecurity'],0,1.0
297,2021-07-30 03:31:12,rozanaurdunews,PTA suspects WhatsApp‚Äôs involvement in assisting Pegasus spyware  httpstcor1MBrLuJVJ,[],0,0.0
298,2021-07-30 03:31:07,EducacionIT,‚ùóDesde que hace unos dias se conocieran cifras concretas del alcance de Pegasus el software espia o spyware usado a nivel mundial para controlar a medios periodistas y activistas entre otros se han levantado las alarmas sobre este tipo de programasüöß   httpstcoszVuqeeBYw,[],1,0.0
299,2021-07-30 03:30:20,munindersambi,This is an excellent deep dive by washingtonpost into how Pegasus hijacks your data and how to protect your phone from this truly insidious spyware  httpstcocj4cnVlwwS,['pegasus' 'spyware'],1,1.0
300,2021-07-30 03:30:11,AJEnglish,Rights group calls for moratorium on the use of spyware in Mexico   httpstcoE0lYmrPECt,[],31,0.0
301,2021-07-30 03:29:19,galegogeek,yoyo308 me imagino que ya lo habras leido pero sino es asi por aqui te lo dejo üòú Audacity implementa su telemetria y no no es ‚Äòspyware‚Äô  httpstcoZxANxICLrl,[],0,0.0
302,2021-07-30 03:26:34,RevolutionPi,‚ÄòExtremely destabilising‚Äô Amnesty seeks moratorium on spyware  httpstco5Q871AqRL9 via AJEnglish surveillance privacy,['surveillance' 'privacy'],0,2.0
303,2021-07-30 03:26:12,Flufferbot2,gwestr Maybe this time you cant disable any of the spyware,[],1,0.0
304,2021-07-30 03:25:42,rich_outlaw,HELLO Facebook  FBoversight   IS the use of spyware on end users actually a privacy violation and illegal,[],0,2.0
305,2021-07-30 03:25:01,betterhn20,Facebook Wanted NSO Spyware to Monitor Users NSO CEO Claims 2020  httpstconPOUP669Uq  httpstcoPcVldELDOc,[],0,0.0
306,2021-07-30 03:24:57,fascinatorfun,Firm that owns Israels spyware company NSO to be liquidated  Daily Sabah  That was quick ‚Å¶antartica81‚Å©   httpstcoOsd1tSTkEF,[],13,1.0
307,2021-07-30 03:24:19,anttijuu,Daring Fireball Facebook Wanted NSO Spyware to Monitor iOS Users  httpstcotqiFYTYPDh,[],0,0.0
308,2021-07-30 03:20:15,DennisMasivgeek,Facebook Wanted NSO Spyware to Monitor Users NSO CEO Claims  httpstcoLmpjTsTa4F via vice,[],0,0.0
309,2021-07-30 03:20:04,winsontang,Facebook Wanted NSO Spyware to Monitor Users NSO CEO Claims 2020  httpstcoCKnYub5wxm  httpstcouDWN6Tbu6l,[],0,0.0
310,2021-07-30 03:19:03,Kunal_Punjab,TheSatireTimes Spyware only infects Android iPhone or Symbian It cannot infect windows or any other OS,[],0,2.0
311,2021-07-30 03:18:42,knelsonvsi,Facebook Wanted NSO Spyware to Monitor Users NSO CEO Claims 2020  httpstcoSwxI67Y9vV  16,[],0,0.0
312,2021-07-30 03:18:38,tammeke140674,Facebook Wanted NSO Spyware to Monitor Users NSO CEO Claims 2020  httpstcopeUm0KrGrt  16,[],0,0.0
313,2021-07-30 03:17:21,baphometx,Here‚Äôs how to check your phone for Pegasus spyware using Amnesty‚Äôs tool  httpstcot38agaxNiy  httpstcoiFr9lR34cG,[],3,0.0
314,2021-07-30 03:15:47,radoncnotes,Facebook Wanted NSO Spyware to Monitor Users NSO CEO Claims 2020  httpstcooJdgo7mGsZ  16,[],0,0.0
315,2021-07-30 03:15:10,GoogleNewsPost,Pegasus spyware and adware scandal Can Silicon Valley forestall govt snooping  httpstcoudelqiIDfM  httpstco75gcZjcvGq,[],1,0.0
316,2021-07-30 03:14:43,post_asia,Rights group calls for moratorium on the use of spyware in Mexico  httpstcoZqcZDRzXdH,[],0,0.0
317,2021-07-30 03:14:05,HindustanNews10,BJP evasive on Pegasus to blame for logjam Congress Congress on Thursday blamed BJP for the logjam in Parliament and said the government was ‚Äúavoiding‚Äù discussion on the use of Pegasus spyware since it has ‚Äúmuch to hide‚Äù  from India News  Latest News  httpstcoQBkM03estZ  httpstcoFQeA8eZEoq,[],0,1.0
318,2021-07-30 03:13:50,ADungus,How to defend yourself against the powerful new NSO spyware attacks discovered around the world  httpstcowILaaC36fo by Intercept Security Team,[],0,1.0
319,2021-07-30 03:10:02,HNTweets,Facebook Wanted NSO Spyware to Monitor Users NSO CEO Claims 2020  httpstcof7NyKGaYU8 Comments  httpstcopKXLBlllzh,[],0,0.0
320,2021-07-30 03:08:39,LeakedsourceFan,hello TeamVv3,[],0,0.0
321,2021-07-30 03:08:19,MiddleEastTon,Rights group calls for moratorium on the use of spyware in Mexico  httpstcoGPS8zJPXYm,[],0,0.0
322,2021-07-30 03:07:47,victor_ruiz,Rights group calls for moratorium on the use of spyware in Mexico  httpstcohW47MA7hhI a traves de AJEnglish JihanAbdalla,[],0,0.0
323,2021-07-30 03:06:20,MichelleSantek,Facebook Wanted NSO Spyware to Monitor Users NSO CEO Claims 2020  httpstcoBpXJ5J6h4i  13,[],0,0.0
324,2021-07-30 03:06:17,mariamtayob,IsraelArabic i24NEWSAR Oh plse pipe down Meet Toka the Most Dangerous Israeli Spyware Firm you‚Äôve never heard of   httpstcoTZpW7LJX9N,[],0,2.0
325,2021-07-30 03:03:22,tonywalker1,Maybe Pegasus spyware drag on speeds üòë,[],1,2.0
326,2021-07-30 03:02:57,M0dsI,addictontwt Yes they have There is Spyware called Pegasus there are many article against it It‚Äôs really bad tool and they should make a law that force you to report exploits or makes it illegal to sell them to specific people only I mean if some shady criminals get those exploits üíÄ,[],1,2.0
327,2021-07-30 03:02:33,bh6642,Israel is loth to regulate its spyware exports  httpstcoLk8dhVL4In from TheEconomist  httpstcoLk8dhVL4In,[],0,0.0
328,2021-07-30 03:01:54,jamesjosh007,Ive just posted a new blog Leaks Reveal Spyware Meant To Track Criminals Targeted Activists Instead  httpstcodwcjzdTlcL,[],0,1.0
329,2021-07-30 03:01:37,JihanAbdalla,Rights group calls for moratorium on the use of spyware in Mexico  httpstcovuB2aluzE1 amnesty amnestyusa victorruiz DuncanTucker EdithFerreto NSO Mexico LopezObrador,['nso' 'mexico' 'lopezobrador'],2,0.0
330,2021-07-30 03:00:48,tony_cleal,How to defend yourself against the powerful new NSO spyware attacks discovered around the world  httpstcoVa98W4dEXH by Intercept Security Team,[],0,1.0
331,2021-07-30 03:00:10,ottawafamtree,PegasusSoftware  Who are the targets of Israeli company‚Äôs spyware sold to governments and spy agencies  httpstcofTpjaQ8WGs,['pegasussoftware' 'targets' 'spyware'],0,0.0
332,2021-07-30 03:00:10,LighthouseTrib,Rights group calls on moratorium on the use of spyware in Mexico  httpstcoIOhrs7zGKf,[],0,0.0
333,2021-07-30 02:59:27,ShehadahS,The State of Surveillance The Bureau of Investigative Journalism enGB The Pegasus spyware scandal reflects a continuation of the unregulated proliferation of mass warrantless technosurveillancefirst revealed by WikiLeaks as far back as 2011 NSOGroup   httpstco9bHCYiU95a,['pegasus' 'nsogroup'],1,1.0
334,2021-07-30 02:57:05,Theres1GreatIAM, httpstcod313yPNvCn  Pegasus is the hacking software ‚Äì or spyware ‚Äì that is developed marketed and licensed to governments around the world by the Israeli company NSO Group It has the capability to infect billions of phones running either iOS or Android operating systems,[],1,1.0
335,2021-07-30 02:57:01,ChrisShort,Recommended Read Israel begins investigation into NSO Group spyware abuse  httpstcoJQa4ZYXgXW,[],0,0.0
336,2021-07-30 02:55:32,Kelly01820490,bill clinton was in the building I was outside the building in clearwater fl and somebody put spyware on my car the open up fake investigation because I tweeted about being a me tooer because I defend bill clinton in the 90s so they vicimize me for it,[],0,2.0
337,2021-07-30 02:54:49,DarkoVrsic,JJjev ledeni dotik üòÇ Daily Sabah Firm that owns Israels spyware company NSO to be liquidated  Daily Sabah  httpstcoQRYlT5qdkm  via GoogleNews,[],0,2.0
338,2021-07-30 02:54:02,MiddleEastTon,Rights group calls for moratorium on the use of spyware in Mexico  httpstco6WTWCQlDw4,[],0,0.0
339,2021-07-30 02:51:39,tenacioustek,The problem is bigger than NSO this whole industry is broken How long until we find Parangon spyware on a journalist phone,[],12,2.0
340,2021-07-30 02:50:29,modernhomesla,Gantz in Paris 2 Discuss Israels Spyware Scandal  as Israeli Officials Inspect NSO Offices  Defense Minister Gantz tells French counterpart Israel is looking into allegations made against spytech firm NSO Group with utmost seriousness  WaitSee  httpstcoCtkTmv2azD,[],2,2.0
341,2021-07-30 02:50:16,GranthshalaNews,Rights group calls on moratorium on the use of spyware in Mexico  httpstcof0XwX4kcYo,[],0,0.0
342,2021-07-30 02:49:13,_PrivacyCanada,Authorities from multiple agencies of the Israeli government visited NSOGroup as part of a new investigation into claims that it‚Äôs selling spyware to threat actors for targeted cyberattacks Pegasus cybersecurity   httpstcouaEDsRuQmt,['spyware' 'cyberattacks' 'pegasus' 'cybersecurity'],0,1.0
343,2021-07-30 02:46:51,AmritaBhanja,axelency avignited rohinisgh shubhamdutt13 What I am saying is the patch could be to fix any present vulnerabilities on iOS and nothing to do with the vulnerability used by Pegasus Apple hasn‚Äôt come out with information about sw weakened is used by NSO spyware Every security patch is to fix a known attack vector,[],0,0.0
344,2021-07-30 02:46:01,Lookout,Want to learn more about the recent resurfacing of Pegasus Join us for a live webinar to learn how the spyware has evolved since Lookout and citizenlab first uncovered it in 2016 and how you can protect against it LookoutWebinar  httpstcotPLTEp5PX6  httpstco7tcdlQPve9,['pegasus' 'webinar' 'spyware' 'lookoutwebinar'],1,1.0
345,2021-07-30 02:44:56,AgnesCallamard,The French Government own Tech Lab has confirmed ‚Å¶amnesty‚Å© Security Lab conclusions The phones of the journalist had been hacked by Pegasus spyware Congrats again to my colleagues   httpstcoKJw8c9RKQH,['pegasus'],16,1.0
346,2021-07-30 02:44:49,pabischoff,Firm that owns Israels spyware company NSO to be liquidated  Daily Sabah  httpstcoeOTcphVzJp,[],0,2.0
347,2021-07-30 02:44:42,monitordoorient,Escandalo de spyware em Israel e comparavel a venda de armas usadas em genocidios diz analista OrienteMedio politica noticias spyware ocupacaoisraelense  Leia mais   üëáüëá   httpstcoWAcx73ZcwO,['orientem√©dio' 'pol√≠tica' 'noticias' 'spyware' 'ocupa√ß√£oisraelense'],1,0.0
348,2021-07-30 02:44:33,ptgn123,Facebook Wanted NSO Spyware to Monitor iOS Users  Daring Fireball  httpstco0ROcG6K8do,[],0,0.0
349,2021-07-30 02:44:15,OneWorldCNN,Rwanda has neither purchased nor deployed that spyware  Rwandan Justice Minister BusingyeJohns denies using Pegasus spyware to target opponents  EleniGiokos  ckanimba  CNNAfrica  httpstco5CZYiPc3wV,['rwanda' 'pegasus'],14,0.0
350,2021-07-30 02:43:09,unocero,El spyware esta por todos lados y no necesita ser muy sofisticado para propagarse üò® ciberseguridad  httpstcohA9ZxXyd6K,['spyware' 'ciberseguridad'],6,0.0
351,2021-07-30 02:43:04,anne_nonymity,How to Defend Yourself Against the Powerful New NSO Spyware Attacks Discovered Around the World  httpstcorPzBW8IQ0f,[],0,1.0
352,2021-07-30 02:42:03,GreenInvestGuy,How to defend yourself against the powerful new NSO spyware attacks discovered around the world  httpstco1hhGWqM16M by Intercept Security Team,[],0,1.0
353,2021-07-30 02:41:24,news_ntd,Israel and French Ministers Discuss Spyware Clooney Comments on Lake Como Landslides  NTD UK News  üî•WATCH HEREüëâ  httpstco2nAPmgv55o  httpstcoakjaFbyx6L,['israel' 'french' 'spyware' 'clooney' 'landslides'],3,0.0
354,2021-07-30 02:38:45,LeakedsourceFan,Where did clerk go lol,[],0,1.0
355,2021-07-30 02:37:23,NaijaNewsWire,Rights group calls on moratorium on the use of spyware in Mexico  httpstcoRoRJbYuP3O,[],0,0.0
356,2021-07-30 02:32:14,dreamland2050,Rights group calls on moratorium on the use of spyware in Mexico  Andres Manuel Lopez Obrador News  httpstcoyBebwyBnPh,[],0,0.0
357,2021-07-30 02:31:42,newzpick1,Rights group calls on moratorium on the use of spyware in Mexico  Andres Manuel Lopez Obrador News  httpstco5Cb2mHwXN7,[],0,0.0
358,2021-07-30 02:31:28,PeaceSerenityF1, httpstcobH6HQ3kAp7  ‚ÄúPegasus is the hacking software ‚Äì or spyware ‚Äì that is developed marketed and licensed to governments around the world by the Israeli company NSO Group‚Äú,[],0,1.0
359,2021-07-30 02:30:51,AfricaTimesofN1,Rights group calls on moratorium on the use of spyware in Mexico  httpstcoabwTCG2MnX,[],0,0.0
360,2021-07-30 02:30:17,thehackbr,Governo israelense manda forcas policiais invadirem escritorios da NSO desenvolvedora do spyware Pegasus ao redor do pais  httpstcojvgLNL4L7O thehack thehackbr dontstophacking  httpstcozehyZqdkYz,['thehack' 'thehackbr' 'dontstophacking'],6,0.0
361,2021-07-30 02:30:07,RGakwerere,A private equity company that owns the NSO Group the Israeli firm at the center of the Pegasus spyware scandal is being liquidated a source told AFP    httpstcoqoI98xiIO8,[],1,2.0
362,2021-07-30 02:29:12,AndyVermaut,Rights group calls on moratorium on the use of spyware in Mexico  httpstcovDg3JBeDdE  httpstcoAyIiYL9suE,[],0,0.0
363,2021-07-30 02:29:06,todaynignews,Rights group calls on moratorium on the use of spyware in Mexico  Andres Manuel Lopez Obrador News  httpstcoBZilIuzbyj,[],0,0.0
364,2021-07-30 02:29:04,akbarth3great,News Rights group calls on moratorium on the use of spyware in Mexico  httpstco59nJBDI31M,['news'],0,0.0
365,2021-07-30 02:28:37,RussellSieg,clearingfog mikesbooh Gun smuggling and NSO spyware targeting opposition politicians amp investigative journalists a bad mix   httpstcoKSYOsX4bbs,[],15,2.0
366,2021-07-30 02:28:16,dugar_umesh,Pegasus PegasusSnoopgate PegasusScandal  The French government begin issuing confirmations of spyware infection traces on a journalist üì±,['pegasus' 'pegasussnoopgate' 'pegasusscandal'],0,0.0
367,2021-07-30 02:28:06,Ravinde30144499,dipeshsingh ajitanjum Jansatta Please remove andhbhakat glasses from you eyes to see truth People needs jobs food heathcare and honest government who speaks truth There was no one die in lack of oxygenthere are more jobs created no scam in Rafael clean chit by judge Gogai spying vai  Peugasys spyware,[],1,1.0
368,2021-07-30 02:27:09,iamGrushenka,Check out this clip from our Media Watch segment on the spyware Pegasus rtelbis talks about how the guardians reporting has been extremely superficial not covering the history of the Israeli company selling their spyware to dictatorships who use them to crush dissidents,[],5,2.0
369,2021-07-30 02:24:17,open_archive,Pegasus spyware can be especially sinister because it‚Äôs hard to detect and messaging apps that promise endtoend encryption are rendered useless once the phone is infected   httpstcoyDLbZOqA26,['pegasus'],3,2.0
370,2021-07-30 02:23:31,Andysmaps,karlrolson SwiftOnSecurity Especially when theres a lot of money riding in blaming users even for outright software failures schoolissued spyware returning false positives on cheating for example,[],1,2.0
371,2021-07-30 02:23:17,AntiVirusLV,Authorities from multiple agencies of the Israeli government paid a visit the offices of the NSO Group as part of a new investigation into claims that the secretive firm is selling its spyware to threat actors for targeted attacks Pegasus   httpstcoQ7Yp9MflaD,['nso' 'spyware' 'pegasus'],0,2.0
372,2021-07-30 02:23:10,RTarpley,What is Pegasus spyware and how does it hack phones  Surveillance  The Guardian  httpstconAqhnR1tDc,[],0,0.0
373,2021-07-30 02:14:30,TimLaneRec,Apple Under Pressure Over iPhone Security After NSO Spyware Claims  IT Security News  httpstcoqsBs0FXGtH,[],0,0.0
374,2021-07-30 02:14:07,kazz0101,Wikileaks EditorInChief Pegasus Spyware Leaks Show Nobody is Safe Fro  httpstcoIv1yJcpVVj via YouTube,[],0,1.0
375,2021-07-30 02:14:00,opeb_ufabc,Recentemente o professor FlavioRocha1 do OPEB escreveu um artigo para o brasildefato explicando como funciona e os riscos desse spyware Confira    httpstco7kaKOnhnMw,[],4,0.0
376,2021-07-30 02:11:50,trip_elix,Authorities from multiple agencies of the Israeli government visited NSOGroup as part of a new investigation into claims that it‚Äôs selling spyware to threat actors for targeted cyberattacks Pegasus cybersecurity   httpstcoC70L8BQpW0,['spyware' 'cyberattacks' 'pegasus' 'cybersecurity'],1,1.0
377,2021-07-30 02:10:02,The_NewArab,Israels IsraelMOD took to Twitter to explain that multiple government agencies had attended NSO Groups offices close to Tel Aviv following the Pegasus spyware scandal üëá IsraeliSpyware   httpstcocVZXM5QZUZ,['israel' 'nso' 'pegasus' 'spyware' 'israelispyware'],2,0.0
378,2021-07-30 02:08:55,LeakedsourceFan,Someone help me find emails to leakedsource,[],0,0.0
379,2021-07-30 02:08:28,MrsYisWhy,threatpost Authorities from multiple agencies of the Israeli government visited NSOGroup as part of a new investigation into claims that it‚Äôs selling spyware to threat actors for targeted cyberattacks Pegasus cybersecurity   httpstcoG25xdbd4bz,['spyware' 'cyberattacks' 'pegasus' 'cybersecurity'],0,1.0
380,2021-07-30 02:07:44,threatpost,Authorities from multiple agencies of the Israeli government visited NSOGroup as part of a new investigation into claims that it‚Äôs selling spyware to threat actors for targeted cyberattacks Pegasus cybersecurity   httpstcovHCdxWRnSH,['spyware' 'cyberattacks' 'pegasus' 'cybersecurity'],22,1.0
381,2021-07-30 02:04:14,paganbotanist,Israeli spyware firm linked to fake Black Lives Matter and Amnesty websites ‚Äì report  httpstcoUPlPP3auCd,[],0,2.0
382,2021-07-30 02:04:05,SyncDog,ICYMI Our blog written by CRO BrianEggs12 provides insight on Pegasus spyware shortcomings in builtin security features on mobile devices and how SyncDog ensures enterprise data on devices remains safe even if its compromised  httpstcooZSWItmMn2 MobileSecurity  httpstcooYUHQ0AudS,['spyware' 'security' 'syncdog' 'data' 'mobilesecurity'],0,1.0
383,2021-07-30 01:59:51,HackerRadioShow,Be sure to check out our latest episode featuring updates on the prosecution of Ethereum developer Virgil Griffith and speak with Reuters reporter razhael about NSO Groups Pegasus spyware  MP3  httpstco7LyzZy7Ngd RSS  httpstcokZGTcOfzmA  httpstcoJFbMUGpyKz,[],7,1.0
384,2021-07-30 01:58:53,_Japan_Sapporo_, Re wako  È£õ„Å≤ÂÖ•„Çä„Ç±„Çπ„Éà„ÅãÈù¢ÁôΩÈÅé„Åç„Åü Á¨ë  ÂÑ™ÁßÄ„Å™ spyware „Åü„Åë„Å® ÁâπÂæ¥„Å™„Çì„Å¶„Äå „ÅÇ„ÅÅ„ÄÅ„Åù„ÅÜ„Å™„ÅÆ „Äç Âπ≥Âá°„Å™‰∏ÄËà¨Ê∞ë„Å´„ÅØÁÑ°Èñ¢‰øÇ „Åü„Åü  ÊúÄÂæå„ÅÆ‰∏ÄÊñá„ÅÆÊÑèÂë≥„ÅãÂàÜ„Åã„Çã„Å®ÊÄñ„ÅÑ „Éè„Éè„ÇÇÂêå„Åó‰∫ã„ÇíË®Ä„Å£„Å¶„Åü„Å¶„Åó„Çá,['spyware'],0,0.0
385,2021-07-30 01:56:02,SteveSanders7,Israeli Government Visits NSO Group Amid Spyware Claims  httpstcoZmqDK7H0C3 via bnkinfosecurity  httpstcoRDZxeCzcNp,[],0,0.0
386,2021-07-30 01:53:07,DanInTheHam,Tell your Foxwatching vaccinechipfearing uncle that if he wants to be paranoid this is actually a logical place to start Chilling Actually everyone should listen to this  spying spyware journalism activism   httpstcotJQkH0tWPA,['spying' 'spyware' 'journalism' 'activism'],0,2.0
387,2021-07-30 01:50:07,dsphinx,RT thenewoilfreeradicalzone Snowden People Who Bankroll the Spyware Industry Should Be in Prison   httpstcoJEoIiYVEjt  httpstcohPrOvZ3UyR,[],0,0.0
388,2021-07-30 01:48:26,JanetWa94118686,Beltway Insider BidenCuba Pegasus Spyware PaulFauci Clash COVIDVaccine Totals Weinstein Bezos Olympics  httpstco81dcFj3iNu,[],0,0.0
389,2021-07-30 01:48:19,tekotaro_12,Leaks Expose Israeli Spyware Abused Worldwide  httpstcozJTyoTPhv2 via YouTube,[],0,0.0
390,2021-07-30 01:47:18,AGA_PBinUK,How to check if your smartphone is infected with pegasus spyware software  httpstcou2HETYhKgS,[],7,0.0
391,2021-07-30 01:47:04,dawn_,Money destined for buying medicine fire prevention amp etc was used to pay for Pegasus spyware in Mexico  httpstcohnMFq3G60O,[],9,0.0
392,2021-07-30 01:46:34,BhatParas,Afraid Pegasus will be seen as branch of CBI ED IT‚Äô Shiv Sena criticises Centre on alleged surveillance The party said the use of Israelimade Pegasus spyware was an ‚Äòassault on the freedom of the people of India‚Äô  PhogatFilms ShiningLinz3 james19665592 Shefali2303  httpstcoOBuz6qk7yz,[],7,2.0
393,2021-07-30 01:40:07,JanetWa94118686,Beltway Insider BidenCuba Pegasus Spyware PaulFauci Clash COVIDVaccine Totals Weinstein Bezos Olympics  httpstco4xvjNCDHa3,[],0,0.0
